Sector,States/All India, 03-1994, 03-1995, 03-1996, 03-1997, 03-1998, 03-1999, 03-2000, 03-2001, 03-2002, 03-2003, 03-2004, 03-2005, 11-2005, 12-2005, 01-2006, 02-2006, 03-2006, 04-2006, 05-2006, 06-2006, 07-2006, 08-2006, 03-2007, 03-2008, 03-2009, 03-2010, 03-2011, 03-2012, 11-2012, 12-2012, 01-2013, 02-2013, 03-2013, 04-2013, 06-2013, 08-2013, 10-2013, 11-2013, 12-2013, 01-2014
Fibre Textile Mills - Non Small Scale Industry,All India,NA,NA,NA,NA,NA,NA,NA,NA,NA,NA,NA,NA,NA,NA,NA,NA,NA,NA,NA,NA,NA,NA,NA,NA,NA,NA,NA,NA,NA,861641.00,863804.00,862185.00,NA,863311.00,864903.00,865424.00,866962.00,859255.00,860342.00,862151.00
Fibre Textile Mills - Non Small Scale Industry,Andhra Pradesh,NA,NA,NA,NA,NA,NA,NA,NA,NA,NA,NA,NA,NA,NA,NA,NA,NA,NA,NA,NA,NA,NA,NA,NA,NA,NA,NA,NA,NA,55173.00,55523.00,55480.00,NA,55181.00,55623.00,53939.00,54870.00,51052.00,51052.00,51825.00
Fibre Textile Mills - Non Small Scale Industry,Assam,NA,NA,NA,NA,NA,NA,NA,NA,NA,NA,NA,NA,NA,NA,NA,NA,NA,NA,NA,NA,NA,NA,NA,NA,NA,NA,NA,NA,NA,3864.00,3864.00,3864.00,NA,3864.00,3864.00,3864.00,3864.00,3864.00,3864.00,3864.00
Fibre Textile Mills - Non Small Scale Industry,Bihar,NA,NA,NA,NA,NA,NA,NA,NA,NA,NA,NA,NA,NA,NA,NA,NA,NA,NA,NA,NA,NA,NA,NA,NA,NA,NA,NA,NA,NA,2350.00,2350.00,2350.00,NA,2235.00,2235.00,2235.00,2235.00,2235.00,2235.00,2235.00
Fibre Textile Mills - Non Small Scale Industry,Chhattisgarh,NA,NA,NA,NA,NA,NA,NA,NA,NA,NA,NA,NA,NA,NA,NA,NA,NA,NA,NA,NA,NA,NA,NA,NA,NA,NA,NA,NA,NA,1225.00,1225.00,1225.00,NA,1225.00,1225.00,1225.00,1225.00,1225.00,1225.00,1225.00
Fibre Textile Mills - Non Small Scale Industry,Dadra Nagar Haveli,NA,NA,NA,NA,NA,NA,NA,NA,NA,NA,NA,NA,NA,NA,NA,NA,NA,NA,NA,NA,NA,NA,NA,NA,NA,NA,NA,NA,NA,4866.00,4866.00,4866.00,NA,4866.00,4866.00,4866.00,4866.00,4866.00,4889.00,4889.00
Fibre Textile Mills - Non Small Scale Industry,Daman & Diu,NA,NA,NA,NA,NA,NA,NA,NA,NA,NA,NA,NA,NA,NA,NA,NA,NA,NA,NA,NA,NA,NA,NA,NA,NA,NA,NA,NA,NA,180.00,180.00,180.00,NA,180.00,180.00,180.00,180.00,180.00,180.00,180.00
Fibre Textile Mills - Non Small Scale Industry,Goa,NA,NA,NA,NA,NA,NA,NA,NA,NA,NA,NA,NA,NA,NA,NA,NA,NA,NA,NA,NA,NA,NA,NA,NA,NA,NA,NA,NA,NA,72.00,72.00,72.00,NA,72.00,72.00,72.00,72.00,72.00,72.00,72.00
Fibre Textile Mills - Non Small Scale Industry,Gujarat,NA,NA,NA,NA,NA,NA,NA,NA,NA,NA,NA,NA,NA,NA,NA,NA,NA,NA,NA,NA,NA,NA,NA,NA,NA,NA,NA,NA,NA,96420.00,96219.00,95936.00,NA,95845.00,95886.00,95727.00,95797.00,95797.00,95802.00,95802.00
Fibre Textile Mills - Non Small Scale Industry,Haryana,NA,NA,NA,NA,NA,NA,NA,NA,NA,NA,NA,NA,NA,NA,NA,NA,NA,NA,NA,NA,NA,NA,NA,NA,NA,NA,NA,NA,NA,12546.00,12534.00,12534.00,NA,12535.00,12535.00,12691.00,12691.00,12502.00,12664.00,12662.00
Fibre Textile Mills - Non Small Scale Industry,Himachal Pradesh,NA,NA,NA,NA,NA,NA,NA,NA,NA,NA,NA,NA,NA,NA,NA,NA,NA,NA,NA,NA,NA,NA,NA,NA,NA,NA,NA,NA,NA,12979.00,18777.00,18704.00,NA,18704.00,18704.00,18704.00,18704.00,18704.00,18699.00,18699.00
Fibre Textile Mills - Non Small Scale Industry,Jammu & Kashmir,NA,NA,NA,NA,NA,NA,NA,NA,NA,NA,NA,NA,NA,NA,NA,NA,NA,NA,NA,NA,NA,NA,NA,NA,NA,NA,NA,NA,NA,5916.00,5916.00,5916.00,NA,5916.00,5916.00,5916.00,5916.00,5916.00,5916.00,5916.00
Fibre Textile Mills - Non Small Scale Industry,Jharkhand,NA,NA,NA,NA,NA,NA,NA,NA,NA,NA,NA,NA,NA,NA,NA,NA,NA,NA,NA,NA,NA,NA,NA,NA,NA,NA,NA,NA,NA,707.00,707.00,707.00,NA,707.00,707.00,707.00,707.00,707.00,707.00,707.00
Fibre Textile Mills - Non Small Scale Industry,Karnataka,NA,NA,NA,NA,NA,NA,NA,NA,NA,NA,NA,NA,NA,NA,NA,NA,NA,NA,NA,NA,NA,NA,NA,NA,NA,NA,NA,NA,NA,19983.00,19983.00,19940.00,NA,18396.00,18396.00,17602.00,17602.00,14222.00,14222.00,13900.00
Fibre Textile Mills - Non Small Scale Industry,Kerala,NA,NA,NA,NA,NA,NA,NA,NA,NA,NA,NA,NA,NA,NA,NA,NA,NA,NA,NA,NA,NA,NA,NA,NA,NA,NA,NA,NA,NA,13456.00,13456.00,13456.00,NA,13456.00,13250.00,12811.00,12811.00,12811.00,12840.00,12840.00
Fibre Textile Mills - Non Small Scale Industry,Madhya Pradesh,NA,NA,NA,NA,NA,NA,NA,NA,NA,NA,NA,NA,NA,NA,NA,NA,NA,NA,NA,NA,NA,NA,NA,NA,NA,NA,NA,NA,NA,58431.00,58417.00,58417.00,NA,59194.00,59573.00,62110.00,62843.00,62843.00,62746.00,62760.00
Fibre Textile Mills - Non Small Scale Industry,Maharashtra,NA,NA,NA,NA,NA,NA,NA,NA,NA,NA,NA,NA,NA,NA,NA,NA,NA,NA,NA,NA,NA,NA,NA,NA,NA,NA,NA,NA,NA,101392.00,100828.00,100828.00,NA,100800.00,101006.00,101401.00,101504.00,101504.00,101504.00,101298.00
Fibre Textile Mills - Non Small Scale Industry,Manipur,NA,NA,NA,NA,NA,NA,NA,NA,NA,NA,NA,NA,NA,NA,NA,NA,NA,NA,NA,NA,NA,NA,NA,NA,NA,NA,NA,NA,NA,350.00,350.00,350.00,NA,350.00,350.00,350.00,350.00,350.00,350.00,350.00
Fibre Textile Mills - Non Small Scale Industry,Orissa,NA,NA,NA,NA,NA,NA,NA,NA,NA,NA,NA,NA,NA,NA,NA,NA,NA,NA,NA,NA,NA,NA,NA,NA,NA,NA,NA,NA,NA,14005.00,14005.00,14005.00,NA,14005.00,14005.00,14005.00,14005.00,14005.00,14005.00,14005.00
Fibre Textile Mills - Non Small Scale Industry,Pondicherry,NA,NA,NA,NA,NA,NA,NA,NA,NA,NA,NA,NA,NA,NA,NA,NA,NA,NA,NA,NA,NA,NA,NA,NA,NA,NA,NA,NA,NA,4932.00,4932.00,4906.00,NA,4906.00,4906.00,4906.00,4906.00,4906.00,4906.00,4906.00
Fibre Textile Mills - Non Small Scale Industry,Punjab,NA,NA,NA,NA,NA,NA,NA,NA,NA,NA,NA,NA,NA,NA,NA,NA,NA,NA,NA,NA,NA,NA,NA,NA,NA,NA,NA,NA,NA,64550.00,64486.00,64470.00,NA,65363.00,66213.00,67083.00,67083.00,67083.00,67124.00,67567.00
Fibre Textile Mills - Non Small Scale Industry,Rajasthan,NA,NA,NA,NA,NA,NA,NA,NA,NA,NA,NA,NA,NA,NA,NA,NA,NA,NA,NA,NA,NA,NA,NA,NA,NA,NA,NA,NA,NA,70536.00,70586.00,70586.00,NA,70375.00,70529.00,70574.00,70547.00,70547.00,71232.00,71268.00
Fibre Textile Mills - Non Small Scale Industry,Tamil Nadu,NA,NA,NA,NA,NA,NA,NA,NA,NA,NA,NA,NA,NA,NA,NA,NA,NA,NA,NA,NA,NA,NA,NA,NA,NA,NA,NA,NA,NA,227365.00,225126.00,224028.00,NA,225285.00,225011.00,224605.00,224333.00,224013.00,224185.00,225258.00
Fibre Textile Mills - Non Small Scale Industry,Uttar Pradesh,NA,NA,NA,NA,NA,NA,NA,NA,NA,NA,NA,NA,NA,NA,NA,NA,NA,NA,NA,NA,NA,NA,NA,NA,NA,NA,NA,NA,NA,53473.00,53318.00,53318.00,NA,53804.00,53804.00,53804.00,53804.00,53804.00,53869.00,53869.00
Fibre Textile Mills - Non Small Scale Industry,Uttaranchal,NA,NA,NA,NA,NA,NA,NA,NA,NA,NA,NA,NA,NA,NA,NA,NA,NA,NA,NA,NA,NA,NA,NA,NA,NA,NA,NA,NA,NA,4778.00,4056.00,4056.00,NA,4056.00,4056.00,4056.00,4056.00,4056.00,4063.00,4063.00
Fibre Textile Mills - Non Small Scale Industry,West Bengal,NA,NA,NA,NA,NA,NA,NA,NA,NA,NA,NA,NA,NA,NA,NA,NA,NA,NA,NA,NA,NA,NA,NA,NA,NA,NA,NA,NA,NA,32092.00,32028.00,31991.00,NA,31991.00,31991.00,31991.00,31991.00,31991.00,31991.00,31991.00
Fibre Textile Mills - Non Small Scale Industry,Delhi,NA,NA,NA,NA,NA,NA,NA,NA,NA,NA,NA,NA,1318.00,1318.00,1318.00,1318.00,1318.00,1318.00,1318.00,1318.00,1318.00,1318.00,NA,NA,NA,NA,NA,NA,NA,NA,NA,NA,NA,NA,NA,NA,NA,NA,NA,NA
Small Scale Spinning Mills,All India,NA,NA,NA,NA,NA,NA,NA,NA,NA,NA,NA,NA,NA,NA,NA,NA,NA,NA,NA,NA,NA,NA,NA,NA,NA,NA,NA,NA,54570.00,54426.00,53947.00,54265.00,NA,53216.00,53663.00,53895.00,NA,53577.00,53735.00,53811.00
Small Scale Spinning Mills,Andhra Pradesh,NA,NA,NA,NA,NA,NA,NA,NA,NA,NA,NA,NA,NA,NA,NA,NA,NA,NA,NA,NA,NA,NA,NA,NA,NA,NA,NA,NA,1376.00,1376.00,1376.00,1376.00,NA,1394.00,1425.00,1425.00,NA,1551.00,1551.00,1551.00
Small Scale Spinning Mills,Daman & Diu,NA,NA,NA,NA,NA,NA,NA,NA,NA,NA,NA,NA,NA,NA,NA,NA,NA,NA,NA,NA,NA,NA,NA,NA,NA,NA,NA,NA,38.00,38.00,38.00,38.00,NA,38.00,38.00,38.00,NA,38.00,38.00,38.00
Small Scale Spinning Mills,Delhi,NA,NA,NA,NA,NA,NA,NA,NA,NA,NA,NA,NA,NA,NA,NA,NA,NA,NA,NA,NA,NA,NA,NA,NA,NA,NA,NA,NA,62.00,62.00,62.00,62.00,NA,62.00,62.00,62.00,NA,62.00,62.00,62.00
Small Scale Spinning Mills,Gujarat,NA,NA,NA,NA,NA,NA,NA,NA,NA,NA,NA,NA,NA,NA,NA,NA,NA,NA,NA,NA,NA,NA,NA,NA,NA,NA,NA,NA,658.00,658.00,658.00,694.00,NA,694.00,783.00,783.00,NA,782.00,782.00,782.00
Small Scale Spinning Mills,Haryana,NA,NA,NA,NA,NA,NA,NA,NA,NA,NA,NA,NA,NA,NA,NA,NA,NA,NA,NA,NA,NA,NA,NA,NA,NA,NA,NA,NA,2398.00,2398.00,2378.00,2392.00,NA,2562.00,2608.00,2690.00,NA,2727.00,2807.00,2807.00
Small Scale Spinning Mills,Himachal Pradesh,NA,NA,NA,NA,NA,NA,NA,NA,NA,NA,NA,NA,NA,NA,NA,NA,NA,NA,NA,NA,NA,NA,NA,NA,NA,NA,NA,NA,74.00,74.00,74.00,74.00,NA,72.00,72.00,72.00,NA,72.00,72.00,72.00
Small Scale Spinning Mills,Karnataka,NA,NA,NA,NA,NA,NA,NA,NA,NA,NA,NA,NA,NA,NA,NA,NA,NA,NA,NA,NA,NA,NA,NA,NA,NA,NA,NA,NA,670.00,670.00,633.00,633.00,NA,633.00,633.00,633.00,NA,334.00,334.00,334.00
Small Scale Spinning Mills,Kerala,NA,NA,NA,NA,NA,NA,NA,NA,NA,NA,NA,NA,NA,NA,NA,NA,NA,NA,NA,NA,NA,NA,NA,NA,NA,NA,NA,NA,383.00,383.00,383.00,383.00,NA,383.00,383.00,383.00,NA,383.00,383.00,383.00
Small Scale Spinning Mills,Madhya Pradesh,NA,NA,NA,NA,NA,NA,NA,NA,NA,NA,NA,NA,NA,NA,NA,NA,NA,NA,NA,NA,NA,NA,NA,NA,NA,NA,NA,NA,133.00,133.00,133.00,133.00,NA,133.00,133.00,113.00,NA,113.00,113.00,310.00
Small Scale Spinning Mills,Maharashtra,NA,NA,NA,NA,NA,NA,NA,NA,NA,NA,NA,NA,NA,NA,NA,NA,NA,NA,NA,NA,NA,NA,NA,NA,NA,NA,NA,NA,2267.00,2267.00,1629.00,1628.00,NA,1628.00,1720.00,1720.00,NA,1720.00,1720.00,1720.00
Small Scale Spinning Mills,Orissa,NA,NA,NA,NA,NA,NA,NA,NA,NA,NA,NA,NA,NA,NA,NA,NA,NA,NA,NA,NA,NA,NA,NA,NA,NA,NA,NA,NA,428.00,428.00,428.00,428.00,NA,428.00,428.00,428.00,NA,428.00,428.00,428.00
Small Scale Spinning Mills,Pondicherry,NA,NA,NA,NA,NA,NA,NA,NA,NA,NA,NA,NA,NA,NA,NA,NA,NA,NA,NA,NA,NA,NA,NA,NA,NA,NA,NA,NA,153.00,153.00,153.00,153.00,NA,153.00,153.00,153.00,NA,153.00,153.00,153.00
Small Scale Spinning Mills,Punjab,NA,NA,NA,NA,NA,NA,NA,NA,NA,NA,NA,NA,NA,NA,NA,NA,NA,NA,NA,NA,NA,NA,NA,NA,NA,NA,NA,NA,2505.00,2505.00,2482.00,2670.00,NA,2624.00,2624.00,2656.00,NA,2656.00,2656.00,2656.00
Small Scale Spinning Mills,Rajasthan,NA,NA,NA,NA,NA,NA,NA,NA,NA,NA,NA,NA,NA,NA,NA,NA,NA,NA,NA,NA,NA,NA,NA,NA,NA,NA,NA,NA,762.00,762.00,762.00,762.00,NA,762.00,762.00,762.00,NA,762.00,767.00,767.00
Small Scale Spinning Mills,Tamil Nadu,NA,NA,NA,NA,NA,NA,NA,NA,NA,NA,NA,NA,NA,NA,NA,NA,NA,NA,NA,NA,NA,NA,NA,NA,NA,NA,NA,NA,41289.00,41145.00,41384.00,41465.00,NA,40236.00,40425.00,40604.00,NA,40423.00,40496.00,40375.00
Small Scale Spinning Mills,Uttar Pradesh,NA,NA,NA,NA,NA,NA,NA,NA,NA,NA,NA,NA,NA,NA,NA,NA,NA,NA,NA,NA,NA,NA,NA,NA,NA,NA,NA,NA,1152.00,1152.00,1152.00,1152.00,NA,1192.00,1192.00,1192.00,NA,1192.00,1192.00,1192.00
Small Scale Spinning Mills,Uttaranchal,NA,NA,NA,NA,NA,NA,NA,NA,NA,NA,NA,NA,NA,NA,NA,NA,NA,NA,NA,NA,NA,NA,NA,NA,NA,NA,NA,NA,88.00,88.00,88.00,88.00,NA,88.00,88.00,88.00,NA,88.00,88.00,88.00
Man Made Fibre Weaving Mills,All India,NA,NA,NA,NA,NA,NA,NA,NA,NA,NA,NA,NA,NA,NA,NA,NA,NA,NA,NA,NA,NA,NA,NA,NA,NA,NA,NA,NA,NA,33192.00,33220.00,33257.00,NA,33403.00,33406.00,33390.00,34435.00,34435.00,34205.00,34205.00
Man Made Fibre Weaving Mills,Andhra Pradesh,NA,NA,NA,NA,NA,NA,NA,NA,NA,NA,NA,NA,NA,NA,NA,NA,NA,NA,NA,NA,NA,NA,NA,NA,NA,NA,NA,NA,NA,297.00,297.00,297.00,NA,297.00,297.00,281.00,281.00,281.00,281.00,281.00
Man Made Fibre Weaving Mills,Assam,NA,NA,NA,NA,NA,NA,NA,NA,NA,NA,NA,NA,NA,NA,NA,NA,NA,NA,NA,NA,NA,NA,NA,NA,NA,NA,NA,NA,NA,67.00,67.00,67.00,NA,67.00,67.00,67.00,67.00,67.00,67.00,67.00
Man Made Fibre Weaving Mills,Dadra Nagar Haveli,NA,NA,NA,NA,NA,NA,NA,NA,NA,NA,NA,NA,NA,NA,NA,NA,NA,NA,NA,NA,NA,NA,NA,NA,NA,NA,NA,NA,NA,1349.00,1349.00,1349.00,NA,1349.00,1349.00,1349.00,1349.00,1349.00,1349.00,1349.00
Man Made Fibre Weaving Mills,Delhi,NA,NA,NA,NA,NA,NA,NA,NA,NA,NA,NA,NA,NA,NA,NA,NA,NA,NA,NA,NA,NA,NA,NA,NA,NA,NA,NA,NA,NA,2014.00,2014.00,2014.00,NA,2014.00,2014.00,2014.00,2014.00,2014.00,2014.00,2014.00
Man Made Fibre Weaving Mills,Gujarat,NA,NA,NA,NA,NA,NA,NA,NA,NA,NA,NA,NA,NA,NA,NA,NA,NA,NA,NA,NA,NA,NA,NA,NA,NA,NA,NA,NA,NA,6466.00,6466.00,6466.00,NA,6466.00,6466.00,6466.00,7511.00,7511.00,7511.00,7511.00
Man Made Fibre Weaving Mills,Haryana,NA,NA,NA,NA,NA,NA,NA,NA,NA,NA,NA,NA,NA,NA,NA,NA,NA,NA,NA,NA,NA,NA,NA,NA,NA,NA,NA,NA,NA,402.00,402.00,402.00,NA,402.00,405.00,405.00,405.00,405.00,405.00,405.00
Man Made Fibre Weaving Mills,Himachal Pradesh,NA,NA,NA,NA,NA,NA,NA,NA,NA,NA,NA,NA,NA,NA,NA,NA,NA,NA,NA,NA,NA,NA,NA,NA,NA,NA,NA,NA,NA,1205.00,1145.00,1145.00,NA,1145.00,1145.00,1145.00,1145.00,1145.00,1145.00,1145.00
Man Made Fibre Weaving Mills,Karnataka,NA,NA,NA,NA,NA,NA,NA,NA,NA,NA,NA,NA,NA,NA,NA,NA,NA,NA,NA,NA,NA,NA,NA,NA,NA,NA,NA,NA,NA,45.00,45.00,45.00,NA,45.00,45.00,45.00,45.00,45.00,45.00,45.00
Man Made Fibre Weaving Mills,Kerala,NA,NA,NA,NA,NA,NA,NA,NA,NA,NA,NA,NA,NA,NA,NA,NA,NA,NA,NA,NA,NA,NA,NA,NA,NA,NA,NA,NA,NA,15.00,15.00,15.00,NA,15.00,15.00,15.00,15.00,15.00,15.00,15.00
Man Made Fibre Weaving Mills,Madhya Pradesh,NA,NA,NA,NA,NA,NA,NA,NA,NA,NA,NA,NA,NA,NA,NA,NA,NA,NA,NA,NA,NA,NA,NA,NA,NA,NA,NA,NA,NA,420.00,420.00,420.00,NA,420.00,420.00,420.00,420.00,420.00,420.00,420.00
Man Made Fibre Weaving Mills,Maharashtra,NA,NA,NA,NA,NA,NA,NA,NA,NA,NA,NA,NA,NA,NA,NA,NA,NA,NA,NA,NA,NA,NA,NA,NA,NA,NA,NA,NA,NA,7189.00,7189.00,7189.00,NA,7189.00,7189.00,7189.00,7189.00,7189.00,7189.00,7189.00
Man Made Fibre Weaving Mills,Orissa,NA,NA,NA,NA,NA,NA,NA,NA,NA,NA,NA,NA,NA,NA,NA,NA,NA,NA,NA,NA,NA,NA,NA,NA,NA,NA,NA,NA,NA,54.00,54.00,54.00,NA,54.00,54.00,54.00,54.00,54.00,54.00,54.00
Man Made Fibre Weaving Mills,Punjab,NA,NA,NA,NA,NA,NA,NA,NA,NA,NA,NA,NA,NA,NA,NA,NA,NA,NA,NA,NA,NA,NA,NA,NA,NA,NA,NA,NA,NA,4311.00,4311.00,4292.00,NA,4292.00,4292.00,4292.00,4292.00,4292.00,4064.00,4064.00
Man Made Fibre Weaving Mills,Rajasthan,NA,NA,NA,NA,NA,NA,NA,NA,NA,NA,NA,NA,NA,NA,NA,NA,NA,NA,NA,NA,NA,NA,NA,NA,NA,NA,NA,NA,NA,4238.00,4249.00,4249.00,NA,4395.00,4395.00,4395.00,4395.00,4395.00,4395.00,4395.00
Man Made Fibre Weaving Mills,Tamil Nadu,NA,NA,NA,NA,NA,NA,NA,NA,NA,NA,NA,NA,NA,NA,NA,NA,NA,NA,NA,NA,NA,NA,NA,NA,NA,NA,NA,NA,NA,2696.00,2773.00,2829.00,NA,2829.00,2829.00,2829.00,2829.00,2829.00,2827.00,2827.00
Man Made Fibre Weaving Mills,Uttar Pradesh,NA,NA,NA,NA,NA,NA,NA,NA,NA,NA,NA,NA,NA,NA,NA,NA,NA,NA,NA,NA,NA,NA,NA,NA,NA,NA,NA,NA,NA,1752.00,1752.00,1752.00,NA,1752.00,1752.00,1752.00,1752.00,1752.00,1752.00,1752.00
Man Made Fibre Weaving Mills,West Bengal,NA,NA,NA,NA,NA,NA,NA,NA,NA,NA,NA,NA,NA,NA,NA,NA,NA,NA,NA,NA,NA,NA,NA,NA,NA,NA,NA,NA,NA,619.00,619.00,619.00,NA,619.00,619.00,619.00,619.00,619.00,619.00,619.00
Fibre Textile Mills - Non Small Scale Industry - Public - Central,All India,NA,NA,NA,NA,NA,NA,NA,NA,NA,NA,64761.00,61960.00,NA,NA,NA,NA,42306.00,NA,NA,NA,NA,NA,29359.00,26374.00,25629.00,25629.00,21198.00,21251.00,NA,NA,NA,NA,19883.00,NA,NA,NA,NA,NA,NA,NA
Fibre Textile Mills - Non Small Scale Industry - Public - Central,Andhra Pradesh,NA,NA,NA,NA,NA,NA,NA,NA,NA,NA,371.00,371.00,NA,NA,NA,NA,394.00,NA,NA,NA,NA,NA,394.00,394.00,394.00,394.00,369.00,382.00,NA,NA,NA,NA,83.00,NA,NA,NA,NA,NA,NA,NA
Fibre Textile Mills - Non Small Scale Industry - Public - Central,Assam,NA,NA,NA,NA,NA,NA,NA,NA,NA,NA,182.00,182.00,NA,NA,NA,NA,182.00,NA,NA,NA,NA,NA,182.00,91.00,29.00,29.00,0.00,0.00,NA,NA,NA,NA,0.00,NA,NA,NA,NA,NA,NA,NA
Fibre Textile Mills - Non Small Scale Industry - Public - Central,Bihar,NA,NA,NA,NA,NA,NA,NA,NA,NA,NA,219.00,219.00,NA,NA,NA,NA,219.00,NA,NA,NA,NA,NA,161.00,115.00,115.00,115.00,115.00,115.00,NA,NA,NA,NA,0.00,NA,NA,NA,NA,NA,NA,NA
Fibre Textile Mills - Non Small Scale Industry - Public - Central,Chhattisgarth,NA,NA,NA,NA,NA,NA,NA,NA,NA,NA,0.00,0.00,NA,NA,NA,NA,0.00,NA,NA,NA,NA,NA,0.00,0.00,0.00,0.00,0.00,0.00,NA,NA,NA,NA,0.00,NA,NA,NA,NA,NA,NA,NA
Fibre Textile Mills - Non Small Scale Industry - Public - Central,Dadra Nagra Haveli,NA,NA,NA,NA,NA,NA,NA,NA,NA,NA,0.00,0.00,NA,NA,NA,NA,0.00,NA,NA,NA,NA,NA,0.00,0.00,0.00,0.00,0.00,0.00,NA,NA,NA,NA,0.00,NA,NA,NA,NA,NA,NA,NA
Fibre Textile Mills - Non Small Scale Industry - Public - Central,Daman & Diu,NA,NA,NA,NA,NA,NA,NA,NA,NA,NA,0.00,0.00,NA,NA,NA,NA,0.00,NA,NA,NA,NA,NA,0.00,0.00,0.00,0.00,0.00,0.00,NA,NA,NA,NA,0.00,NA,NA,NA,NA,NA,NA,NA
Fibre Textile Mills - Non Small Scale Industry - Public - Central,Delhi,NA,NA,NA,NA,NA,NA,NA,NA,NA,NA,1318.00,1318.00,NA,NA,NA,NA,1318.00,NA,NA,NA,NA,NA,0.00,0.00,0.00,0.00,0.00,0.00,NA,NA,NA,NA,0.00,NA,NA,NA,NA,NA,NA,NA
Fibre Textile Mills - Non Small Scale Industry - Public - Central,Goa,NA,NA,NA,NA,NA,NA,NA,NA,NA,NA,0.00,0.00,NA,NA,NA,NA,0.00,NA,NA,NA,NA,NA,0.00,0.00,0.00,0.00,0.00,0.00,NA,NA,NA,NA,0.00,NA,NA,NA,NA,NA,NA,NA
Fibre Textile Mills - Non Small Scale Industry - Public - Central,Gujarat,NA,NA,NA,NA,NA,NA,NA,NA,NA,NA,2722.00,2722.00,NA,NA,NA,NA,2242.00,NA,NA,NA,NA,NA,987.00,411.00,402.00,402.00,402.00,402.00,NA,NA,NA,NA,311.00,NA,NA,NA,NA,NA,NA,NA
Fibre Textile Mills - Non Small Scale Industry - Public - Central,Haryana,NA,NA,NA,NA,NA,NA,NA,NA,NA,NA,0.00,0.00,NA,NA,NA,NA,0.00,NA,NA,NA,NA,NA,0.00,0.00,0.00,0.00,0.00,0.00,NA,NA,NA,NA,0.00,NA,NA,NA,NA,NA,NA,NA
Fibre Textile Mills - Non Small Scale Industry - Public - Central,Himachal Pradesh,NA,NA,NA,NA,NA,NA,NA,NA,NA,NA,0.00,0.00,NA,NA,NA,NA,0.00,NA,NA,NA,NA,NA,0.00,0.00,0.00,0.00,0.00,0.00,NA,NA,NA,NA,0.00,NA,NA,NA,NA,NA,NA,NA
Fibre Textile Mills - Non Small Scale Industry - Public - Central,Jammu & Kashmir,NA,NA,NA,NA,NA,NA,NA,NA,NA,NA,0.00,0.00,NA,NA,NA,NA,0.00,NA,NA,NA,NA,NA,0.00,0.00,0.00,0.00,0.00,0.00,NA,NA,NA,NA,0.00,NA,NA,NA,NA,NA,NA,NA
Fibre Textile Mills - Non Small Scale Industry - Public - Central,Jharkhand,NA,NA,NA,NA,NA,NA,NA,NA,NA,NA,0.00,0.00,NA,NA,NA,NA,0.00,NA,NA,NA,NA,NA,0.00,0.00,0.00,0.00,0.00,0.00,NA,NA,NA,NA,0.00,NA,NA,NA,NA,NA,NA,NA
Fibre Textile Mills - Non Small Scale Industry - Public - Central,Karnataka,NA,NA,NA,NA,NA,NA,NA,NA,NA,NA,1537.00,1531.00,NA,NA,NA,NA,1529.00,NA,NA,NA,NA,NA,393.00,393.00,393.00,393.00,393.00,572.00,NA,NA,NA,NA,179.00,NA,NA,NA,NA,NA,NA,NA
Fibre Textile Mills - Non Small Scale Industry - Public - Central,Kerala,NA,NA,NA,NA,NA,NA,NA,NA,NA,NA,2745.00,2745.00,NA,NA,NA,NA,2256.00,NA,NA,NA,NA,NA,2785.00,2756.00,2731.00,2731.00,2348.00,2348.00,NA,NA,NA,NA,2354.00,NA,NA,NA,NA,NA,NA,NA
Fibre Textile Mills - Non Small Scale Industry - Public - Central,Madhya Pradesh,NA,NA,NA,NA,NA,NA,NA,NA,NA,NA,1908.00,1908.00,NA,NA,NA,NA,978.00,NA,NA,NA,NA,NA,988.00,806.00,746.00,746.00,409.00,713.00,NA,NA,NA,NA,711.00,NA,NA,NA,NA,NA,NA,NA
Fibre Textile Mills - Non Small Scale Industry - Public - Central,Maharashtra,NA,NA,NA,NA,NA,NA,NA,NA,NA,NA,25014.00,22229.00,NA,NA,NA,NA,14497.00,NA,NA,NA,NA,NA,9862.00,8234.00,8072.00,8072.00,5409.00,5225.00,NA,NA,NA,NA,5226.00,NA,NA,NA,NA,NA,NA,NA
Fibre Textile Mills - Non Small Scale Industry - Public - Central,Manipur,NA,NA,NA,NA,NA,NA,NA,NA,NA,NA,0.00,0.00,NA,NA,NA,NA,0.00,NA,NA,NA,NA,NA,0.00,0.00,0.00,0.00,0.00,0.00,NA,NA,NA,NA,0.00,NA,NA,NA,NA,NA,NA,NA
Fibre Textile Mills - Non Small Scale Industry - Public - Central,Orissa,NA,NA,NA,NA,NA,NA,NA,NA,NA,NA,351.00,351.00,NA,NA,NA,NA,351.00,NA,NA,NA,NA,NA,351.00,239.00,353.00,353.00,20.00,20.00,NA,NA,NA,NA,20.00,NA,NA,NA,NA,NA,NA,NA
Fibre Textile Mills - Non Small Scale Industry - Public - Central,Pondicherry,NA,NA,NA,NA,NA,NA,NA,NA,NA,NA,1236.00,1218.00,NA,NA,NA,NA,1211.00,NA,NA,NA,NA,NA,465.00,465.00,277.00,277.00,252.00,252.00,NA,NA,NA,NA,337.00,NA,NA,NA,NA,NA,NA,NA
Fibre Textile Mills - Non Small Scale Industry - Public - Central,Punjab,NA,NA,NA,NA,NA,NA,NA,NA,NA,NA,1328.00,1328.00,NA,NA,NA,NA,1328.00,NA,NA,NA,NA,NA,1328.00,1328.00,1328.00,1328.00,1328.00,1328.00,NA,NA,NA,NA,732.00,NA,NA,NA,NA,NA,NA,NA
Fibre Textile Mills - Non Small Scale Industry - Public - Central,Rajasthan,NA,NA,NA,NA,NA,NA,NA,NA,NA,NA,1489.00,1483.00,NA,NA,NA,NA,1423.00,NA,NA,NA,NA,NA,769.00,769.00,678.00,678.00,621.00,621.00,NA,NA,NA,NA,621.00,NA,NA,NA,NA,NA,NA,NA
Fibre Textile Mills - Non Small Scale Industry - Public - Central,Tamil Nadu,NA,NA,NA,NA,NA,NA,NA,NA,NA,NA,4814.00,4728.00,NA,NA,NA,NA,4650.00,NA,NA,NA,NA,NA,4524.00,4203.00,4076.00,4076.00,3685.00,3609.00,NA,NA,NA,NA,3635.00,NA,NA,NA,NA,NA,NA,NA
Fibre Textile Mills - Non Small Scale Industry - Public - Central,Uttar Pradesh,NA,NA,NA,NA,NA,NA,NA,NA,NA,NA,15695.00,15652.00,NA,NA,NA,NA,6571.00,NA,NA,NA,NA,NA,5332.00,5332.00,5197.00,5197.00,5009.00,5009.00,NA,NA,NA,NA,5009.00,NA,NA,NA,NA,NA,NA,NA
Fibre Textile Mills - Non Small Scale Industry - Public - Central,Uttaranchal,NA,NA,NA,NA,NA,NA,NA,NA,NA,NA,0.00,0.00,NA,NA,NA,NA,0.00,NA,NA,NA,NA,NA,0.00,0.00,0.00,0.00,0.00,0.00,NA,NA,NA,NA,0.00,NA,NA,NA,NA,NA,NA,NA
Fibre Textile Mills - Non Small Scale Industry - Public - Central,West Bengal,NA,NA,NA,NA,NA,NA,NA,NA,NA,NA,3832.00,3975.00,NA,NA,NA,NA,3157.00,NA,NA,NA,NA,NA,838.00,838.00,838.00,838.00,838.00,655.00,NA,NA,NA,NA,665.00,NA,NA,NA,NA,NA,NA,NA
Fibre Textile Mills - Non Small Scale Industry - Public - State,All India,NA,NA,NA,NA,NA,NA,NA,NA,NA,NA,70893.00,70475.00,NA,NA,NA,NA,69887.00,NA,NA,NA,NA,NA,65777.00,63738.00,61265.00,61265.00,60241.00,59710.00,NA,NA,NA,NA,57771.00,NA,NA,NA,NA,NA,NA,NA
Fibre Textile Mills - Non Small Scale Industry - Public - State,Andhra Pradesh,NA,NA,NA,NA,NA,NA,NA,NA,NA,NA,0.00,0.00,NA,NA,NA,NA,0.00,NA,NA,NA,NA,NA,0.00,0.00,0.00,0.00,0.00,0.00,NA,NA,NA,NA,0.00,NA,NA,NA,NA,NA,NA,NA
Fibre Textile Mills - Non Small Scale Industry - Public - State,Assam,NA,NA,NA,NA,NA,NA,NA,NA,NA,NA,1483.00,1483.00,NA,NA,NA,NA,1483.00,NA,NA,NA,NA,NA,1483.00,1483.00,1483.00,1483.00,1483.00,1483.00,NA,NA,NA,NA,1483.00,NA,NA,NA,NA,NA,NA,NA
Fibre Textile Mills - Non Small Scale Industry - Public - State,Bihar,NA,NA,NA,NA,NA,NA,NA,NA,NA,NA,103.00,103.00,NA,NA,NA,NA,103.00,NA,NA,NA,NA,NA,286.00,286.00,286.00,286.00,286.00,286.00,NA,NA,NA,NA,286.00,NA,NA,NA,NA,NA,NA,NA
Fibre Textile Mills - Non Small Scale Industry - Public - State,Chhattisgarth,NA,NA,NA,NA,NA,NA,NA,NA,NA,NA,0.00,0.00,NA,NA,NA,NA,0.00,NA,NA,NA,NA,NA,0.00,0.00,0.00,0.00,0.00,0.00,NA,NA,NA,NA,0.00,NA,NA,NA,NA,NA,NA,NA
Fibre Textile Mills - Non Small Scale Industry - Public - State,Delhi,NA,NA,NA,NA,NA,NA,NA,NA,NA,NA,0.00,0.00,NA,NA,NA,NA,0.00,NA,NA,NA,NA,NA,0.00,0.00,0.00,0.00,0.00,0.00,NA,NA,NA,NA,0.00,NA,NA,NA,NA,NA,NA,NA
Fibre Textile Mills - Non Small Scale Industry - Public - State,Dadra Nagra Haveli,NA,NA,NA,NA,NA,NA,NA,NA,NA,NA,0.00,0.00,NA,NA,NA,NA,0.00,NA,NA,NA,NA,NA,0.00,0.00,0.00,0.00,0.00,0.00,NA,NA,NA,NA,0.00,NA,NA,NA,NA,NA,NA,NA
Fibre Textile Mills - Non Small Scale Industry - Public - State,Daman & Diu,NA,NA,NA,NA,NA,NA,NA,NA,NA,NA,0.00,0.00,NA,NA,NA,NA,0.00,NA,NA,NA,NA,NA,0.00,0.00,0.00,0.00,0.00,0.00,NA,NA,NA,NA,0.00,NA,NA,NA,NA,NA,NA,NA
Fibre Textile Mills - Non Small Scale Industry - Public - State,Goa,NA,NA,NA,NA,NA,NA,NA,NA,NA,NA,0.00,0.00,NA,NA,NA,NA,0.00,NA,NA,NA,NA,NA,0.00,0.00,0.00,0.00,0.00,0.00,NA,NA,NA,NA,0.00,NA,NA,NA,NA,NA,NA,NA
Fibre Textile Mills - Non Small Scale Industry - Public - State,Gujarat,NA,NA,NA,NA,NA,NA,NA,NA,NA,NA,16868.00,16868.00,NA,NA,NA,NA,16868.00,NA,NA,NA,NA,NA,16868.00,16868.00,16868.00,16868.00,16868.00,16868.00,NA,NA,NA,NA,16868.00,NA,NA,NA,NA,NA,NA,NA
Fibre Textile Mills - Non Small Scale Industry - Public - State,Haryana,NA,NA,NA,NA,NA,NA,NA,NA,NA,NA,965.00,965.00,NA,NA,NA,NA,965.00,NA,NA,NA,NA,NA,0.00,0.00,0.00,0.00,0.00,0.00,NA,NA,NA,NA,0.00,NA,NA,NA,NA,NA,NA,NA
Fibre Textile Mills - Non Small Scale Industry - Public - State,Himachal Pradesh,NA,NA,NA,NA,NA,NA,NA,NA,NA,NA,0.00,0.00,NA,NA,NA,NA,0.00,NA,NA,NA,NA,NA,0.00,0.00,0.00,0.00,0.00,0.00,NA,NA,NA,NA,0.00,NA,NA,NA,NA,NA,NA,NA
Fibre Textile Mills - Non Small Scale Industry - Public - State,Jammu & Kashmir,NA,NA,NA,NA,NA,NA,NA,NA,NA,NA,0.00,0.00,NA,NA,NA,NA,0.00,NA,NA,NA,NA,NA,0.00,0.00,0.00,0.00,0.00,0.00,NA,NA,NA,NA,0.00,NA,NA,NA,NA,NA,NA,NA
Fibre Textile Mills - Non Small Scale Industry - Public - State,Jharkhand,NA,NA,NA,NA,NA,NA,NA,NA,NA,NA,0.00,0.00,NA,NA,NA,NA,0.00,NA,NA,NA,NA,NA,0.00,0.00,0.00,0.00,0.00,0.00,NA,NA,NA,NA,0.00,NA,NA,NA,NA,NA,NA,NA
Fibre Textile Mills - Non Small Scale Industry - Public - State,Karnataka,NA,NA,NA,NA,NA,NA,NA,NA,NA,NA,344.00,344.00,NA,NA,NA,NA,344.00,NA,NA,NA,NA,NA,344.00,344.00,344.00,344.00,344.00,344.00,NA,NA,NA,NA,344.00,NA,NA,NA,NA,NA,NA,NA
Fibre Textile Mills - Non Small Scale Industry - Public - State,Kerala,NA,NA,NA,NA,NA,NA,NA,NA,NA,NA,3312.00,3247.00,NA,NA,NA,NA,3022.00,NA,NA,NA,NA,NA,2136.00,2106.00,2088.00,2088.00,2162.00,2400.00,NA,NA,NA,NA,2716.00,NA,NA,NA,NA,NA,NA,NA
Fibre Textile Mills - Non Small Scale Industry - Public - State,Madhya Pradesh,NA,NA,NA,NA,NA,NA,NA,NA,NA,NA,2526.00,2526.00,NA,NA,NA,NA,2526.00,NA,NA,NA,NA,NA,2526.00,2526.00,1559.00,1559.00,1559.00,1559.00,NA,NA,NA,NA,1559.00,NA,NA,NA,NA,NA,NA,NA
Fibre Textile Mills - Non Small Scale Industry - Public - State,Maharashtra,NA,NA,NA,NA,NA,NA,NA,NA,NA,NA,9877.00,9877.00,NA,NA,NA,NA,9877.00,NA,NA,NA,NA,NA,7896.00,7896.00,7896.00,7896.00,6674.00,6674.00,NA,NA,NA,NA,6674.00,NA,NA,NA,NA,NA,NA,NA
Fibre Textile Mills - Non Small Scale Industry - Public - State,Manipur,NA,NA,NA,NA,NA,NA,NA,NA,NA,NA,350.00,350.00,NA,NA,NA,NA,350.00,NA,NA,NA,NA,NA,350.00,350.00,350.00,350.00,350.00,350.00,NA,NA,NA,NA,350.00,NA,NA,NA,NA,NA,NA,NA
Fibre Textile Mills - Non Small Scale Industry - Public - State,Orissa,NA,NA,NA,NA,NA,NA,NA,NA,NA,NA,7232.00,7232.00,NA,NA,NA,NA,7232.00,NA,NA,NA,NA,NA,7232.00,7232.00,6142.00,6142.00,6142.00,6142.00,NA,NA,NA,NA,5125.00,NA,NA,NA,NA,NA,NA,NA
Fibre Textile Mills - Non Small Scale Industry - Public - State,Pondicherry,NA,NA,NA,NA,NA,NA,NA,NA,NA,NA,3950.00,3842.00,NA,NA,NA,NA,3750.00,NA,NA,NA,NA,NA,3903.00,3718.00,3557.00,3557.00,3139.00,2777.00,NA,NA,NA,NA,2574.00,NA,NA,NA,NA,NA,NA,NA
Fibre Textile Mills - Non Small Scale Industry - Public - State,Punjab,NA,NA,NA,NA,NA,NA,NA,NA,NA,NA,0.00,0.00,NA,NA,NA,NA,0.00,NA,NA,NA,NA,NA,0.00,0.00,0.00,0.00,0.00,0.00,NA,NA,NA,NA,0.00,NA,NA,NA,NA,NA,NA,NA
Fibre Textile Mills - Non Small Scale Industry - Public - State,Rajasthan,NA,NA,NA,NA,NA,NA,NA,NA,NA,NA,212.00,212.00,NA,NA,NA,NA,212.00,NA,NA,NA,NA,NA,212.00,212.00,212.00,212.00,212.00,212.00,NA,NA,NA,NA,212.00,NA,NA,NA,NA,NA,NA,NA
Fibre Textile Mills - Non Small Scale Industry - Public - State,Tamil Nadu,NA,NA,NA,NA,NA,NA,NA,NA,NA,NA,545.00,545.00,NA,NA,NA,NA,545.00,NA,NA,NA,NA,NA,545.00,545.00,214.00,214.00,214.00,214.00,NA,NA,NA,NA,214.00,NA,NA,NA,NA,NA,NA,NA
Fibre Textile Mills - Non Small Scale Industry - Public - State,Uttar Pradesh,NA,NA,NA,NA,NA,NA,NA,NA,NA,NA,18233.00,18059.00,NA,NA,NA,NA,17868.00,NA,NA,NA,NA,NA,17324.00,17245.00,17245.00,17245.00,17245.00,17243.00,NA,NA,NA,NA,17088.00,NA,NA,NA,NA,NA,NA,NA
Fibre Textile Mills - Non Small Scale Industry - Public - State,Uttaranchal,NA,NA,NA,NA,NA,NA,NA,NA,NA,NA,2368.00,2368.00,NA,NA,NA,NA,2368.00,NA,NA,NA,NA,NA,2368.00,770.00,934.00,934.00,1607.00,1356.00,NA,NA,NA,NA,634.00,NA,NA,NA,NA,NA,NA,NA
Fibre Textile Mills - Non Small Scale Industry - Public - State,West Bengal,NA,NA,NA,NA,NA,NA,NA,NA,NA,NA,2525.00,2454.00,NA,NA,NA,NA,2374.00,NA,NA,NA,NA,NA,2304.00,2157.00,2087.00,2087.00,1956.00,1802.00,NA,NA,NA,NA,1644.00,NA,NA,NA,NA,NA,NA,NA
Fibre Textile Mills - Non Small Scale Industry - Co Operative,All India,NA,NA,NA,NA,NA,NA,NA,NA,NA,NA,109401.00,108877.00,NA,NA,NA,NA,108602.00,NA,NA,NA,NA,NA,106960.00,95840.00,94831.00,94831.00,87196.00,87437.00,NA,NA,NA,NA,88597.00,NA,NA,NA,NA,NA,NA,NA
Fibre Textile Mills - Non Small Scale Industry - Co Operative,Andhra Pradesh,NA,NA,NA,NA,NA,NA,NA,NA,NA,NA,6340.00,6186.00,NA,NA,NA,NA,5771.00,NA,NA,NA,NA,NA,5579.00,3936.00,3377.00,3377.00,3377.00,3377.00,NA,NA,NA,NA,3377.00,NA,NA,NA,NA,NA,NA,NA
Fibre Textile Mills - Non Small Scale Industry - Co Operative,Assam,NA,NA,NA,NA,NA,NA,NA,NA,NA,NA,1586.00,1586.00,NA,NA,NA,NA,1586.00,NA,NA,NA,NA,NA,1586.00,1586.00,1586.00,1586.00,1586.00,1586.00,NA,NA,NA,NA,1586.00,NA,NA,NA,NA,NA,NA,NA
Fibre Textile Mills - Non Small Scale Industry - Co Operative,Bihar,NA,NA,NA,NA,NA,NA,NA,NA,NA,NA,920.00,920.00,NA,NA,NA,NA,920.00,NA,NA,NA,NA,NA,920.00,920.00,920.00,920.00,920.00,920.00,NA,NA,NA,NA,920.00,NA,NA,NA,NA,NA,NA,NA
Fibre Textile Mills - Non Small Scale Industry - Co Operative,Chhattisgarth,NA,NA,NA,NA,NA,NA,NA,NA,NA,NA,0.00,0.00,NA,NA,NA,NA,0.00,NA,NA,NA,NA,NA,0.00,0.00,0.00,0.00,0.00,0.00,NA,NA,NA,NA,0.00,NA,NA,NA,NA,NA,NA,NA
Fibre Textile Mills - Non Small Scale Industry - Co Operative,Dadra Nagra Haveli,NA,NA,NA,NA,NA,NA,NA,NA,NA,NA,0.00,0.00,NA,NA,NA,NA,0.00,NA,NA,NA,NA,NA,0.00,0.00,0.00,0.00,0.00,0.00,NA,NA,NA,NA,0.00,NA,NA,NA,NA,NA,NA,NA
Fibre Textile Mills - Non Small Scale Industry - Co Operative,Daman & Diu,NA,NA,NA,NA,NA,NA,NA,NA,NA,NA,0.00,0.00,NA,NA,NA,NA,0.00,NA,NA,NA,NA,NA,0.00,0.00,0.00,0.00,0.00,0.00,NA,NA,NA,NA,0.00,NA,NA,NA,NA,NA,NA,NA
Fibre Textile Mills - Non Small Scale Industry - Co Operative,Delhi,NA,NA,NA,NA,NA,NA,NA,NA,NA,NA,0.00,0.00,NA,NA,NA,NA,0.00,NA,NA,NA,NA,NA,0.00,0.00,0.00,0.00,0.00,0.00,NA,NA,NA,NA,0.00,NA,NA,NA,NA,NA,NA,NA
Fibre Textile Mills - Non Small Scale Industry - Co Operative,Goa,NA,NA,NA,NA,NA,NA,NA,NA,NA,NA,0.00,0.00,NA,NA,NA,NA,0.00,NA,NA,NA,NA,NA,0.00,0.00,0.00,0.00,0.00,0.00,NA,NA,NA,NA,0.00,NA,NA,NA,NA,NA,NA,NA
Fibre Textile Mills - Non Small Scale Industry - Co Operative,Gujarat,NA,NA,NA,NA,NA,NA,NA,NA,NA,NA,4285.00,4285.00,NA,NA,NA,NA,4285.00,NA,NA,NA,NA,NA,4285.00,0.00,0.00,0.00,0.00,0.00,NA,NA,NA,NA,0.00,NA,NA,NA,NA,NA,NA,NA
Fibre Textile Mills - Non Small Scale Industry - Co Operative,Haryana,NA,NA,NA,NA,NA,NA,NA,NA,NA,NA,0.00,0.00,NA,NA,NA,NA,0.00,NA,NA,NA,NA,NA,0.00,0.00,0.00,0.00,0.00,0.00,NA,NA,NA,NA,0.00,NA,NA,NA,NA,NA,NA,NA
Fibre Textile Mills - Non Small Scale Industry - Co Operative,Himachal Pradesh,NA,NA,NA,NA,NA,NA,NA,NA,NA,NA,0.00,0.00,NA,NA,NA,NA,0.00,NA,NA,NA,NA,NA,0.00,0.00,0.00,0.00,0.00,0.00,NA,NA,NA,NA,0.00,NA,NA,NA,NA,NA,NA,NA
Fibre Textile Mills - Non Small Scale Industry - Co Operative,Jammu & Kashmir,NA,NA,NA,NA,NA,NA,NA,NA,NA,NA,0.00,0.00,NA,NA,NA,NA,0.00,NA,NA,NA,NA,NA,0.00,0.00,0.00,0.00,0.00,0.00,NA,NA,NA,NA,0.00,NA,NA,NA,NA,NA,NA,NA
Fibre Textile Mills - Non Small Scale Industry - Co Operative,Jharkhand,NA,NA,NA,NA,NA,NA,NA,NA,NA,NA,0.00,0.00,NA,NA,NA,NA,0.00,NA,NA,NA,NA,NA,0.00,0.00,0.00,0.00,0.00,0.00,NA,NA,NA,NA,0.00,NA,NA,NA,NA,NA,NA,NA
Fibre Textile Mills - Non Small Scale Industry - Co Operative,Karnataka,NA,NA,NA,NA,NA,NA,NA,NA,NA,NA,6680.00,6583.00,NA,NA,NA,NA,6307.00,NA,NA,NA,NA,NA,5927.00,5851.00,5703.00,5703.00,5017.00,5026.00,NA,NA,NA,NA,4952.00,NA,NA,NA,NA,NA,NA,NA
Fibre Textile Mills - Non Small Scale Industry - Co Operative,Kerala,NA,NA,NA,NA,NA,NA,NA,NA,NA,NA,2363.00,2089.00,NA,NA,NA,NA,2166.00,NA,NA,NA,NA,NA,2011.00,1877.00,1977.00,1977.00,1796.00,1795.00,NA,NA,NA,NA,1802.00,NA,NA,NA,NA,NA,NA,NA
Fibre Textile Mills - Non Small Scale Industry - Co Operative,Madhya Pradesh,NA,NA,NA,NA,NA,NA,NA,NA,NA,NA,1470.00,1470.00,NA,NA,NA,NA,1470.00,NA,NA,NA,NA,NA,1470.00,1470.00,1636.00,1636.00,1800.00,1800.00,NA,NA,NA,NA,1786.00,NA,NA,NA,NA,NA,NA,NA
Fibre Textile Mills - Non Small Scale Industry - Co Operative,Maharashtra,NA,NA,NA,NA,NA,NA,NA,NA,NA,NA,48129.00,48487.00,NA,NA,NA,NA,50274.00,NA,NA,NA,NA,NA,49268.00,48151.00,48047.00,48047.00,41349.00,41753.00,NA,NA,NA,NA,43055.00,NA,NA,NA,NA,NA,NA,NA
Fibre Textile Mills - Non Small Scale Industry - Co Operative,Manipur,NA,NA,NA,NA,NA,NA,NA,NA,NA,NA,0.00,0.00,NA,NA,NA,NA,0.00,NA,NA,NA,NA,NA,0.00,0.00,0.00,0.00,0.00,0.00,NA,NA,NA,NA,0.00,NA,NA,NA,NA,NA,NA,NA
Fibre Textile Mills - Non Small Scale Industry - Co Operative,Orissa,NA,NA,NA,NA,NA,NA,NA,NA,NA,NA,6142.00,6170.00,NA,NA,NA,NA,6170.00,NA,NA,NA,NA,NA,6170.00,6170.00,6170.00,6170.00,6170.00,6170.00,NA,NA,NA,NA,6170.00,NA,NA,NA,NA,NA,NA,NA
Fibre Textile Mills - Non Small Scale Industry - Co Operative,Pondicherry,NA,NA,NA,NA,NA,NA,NA,NA,NA,NA,1098.00,1119.00,NA,NA,NA,NA,1119.00,NA,NA,NA,NA,NA,1110.00,1106.00,806.00,806.00,1091.00,1091.00,NA,NA,NA,NA,1082.00,NA,NA,NA,NA,NA,NA,NA
Fibre Textile Mills - Non Small Scale Industry - Co Operative,Punjab,NA,NA,NA,NA,NA,NA,NA,NA,NA,NA,6696.00,6696.00,NA,NA,NA,NA,6696.00,NA,NA,NA,NA,NA,6696.00,2901.00,2901.00,2901.00,2387.00,2387.00,NA,NA,NA,NA,2387.00,NA,NA,NA,NA,NA,NA,NA
Fibre Textile Mills - Non Small Scale Industry - Co Operative,Rajasthan,NA,NA,NA,NA,NA,NA,NA,NA,NA,NA,4877.00,4665.00,NA,NA,NA,NA,3534.00,NA,NA,NA,NA,NA,3671.00,3859.00,3543.00,3543.00,3395.00,3270.00,NA,NA,NA,NA,3107.00,NA,NA,NA,NA,NA,NA,NA
Fibre Textile Mills - Non Small Scale Industry - Co Operative,Tamil Nadu,NA,NA,NA,NA,NA,NA,NA,NA,NA,NA,8355.00,8171.00,NA,NA,NA,NA,8166.00,NA,NA,NA,NA,NA,8080.00,8150.00,8144.00,8144.00,8240.00,8194.00,NA,NA,NA,NA,8305.00,NA,NA,NA,NA,NA,NA,NA
Fibre Textile Mills - Non Small Scale Industry - Co Operative,Uttar Pradesh,NA,NA,NA,NA,NA,NA,NA,NA,NA,NA,9461.00,9451.00,NA,NA,NA,NA,9139.00,NA,NA,NA,NA,NA,9188.00,8864.00,8889.00,8889.00,8936.00,8936.00,NA,NA,NA,NA,8936.00,NA,NA,NA,NA,NA,NA,NA
Fibre Textile Mills - Non Small Scale Industry - Co Operative,Uttaranchal,NA,NA,NA,NA,NA,NA,NA,NA,NA,NA,0.00,0.00,NA,NA,NA,NA,0.00,NA,NA,NA,NA,NA,0.00,0.00,0.00,0.00,0.00,0.00,NA,NA,NA,NA,0.00,NA,NA,NA,NA,NA,NA,NA
Fibre Textile Mills - Non Small Scale Industry - Co Operative,West Bengal,NA,NA,NA,NA,NA,NA,NA,NA,NA,NA,999.00,999.00,NA,NA,NA,NA,999.00,NA,NA,NA,NA,NA,999.00,999.00,1132.00,1132.00,1132.00,1132.00,NA,NA,NA,NA,1132.00,NA,NA,NA,NA,NA,NA,NA
Fibre Textile Mills - Non Small Scale Industry - Private,All India,NA,NA,NA,NA,NA,NA,NA,NA,NA,NA,643116.00,635858.00,NA,NA,NA,NA,642088.00,NA,NA,NA,NA,NA,651324.00,607030.00,624663.00,630391.00,672147.00,689754.00,NA,NA,NA,NA,698311.00,NA,NA,NA,NA,NA,NA,NA
Fibre Textile Mills - Non Small Scale Industry - Private,Andhra Pradesh,NA,NA,NA,NA,NA,NA,NA,NA,NA,NA,29526.00,29971.00,NA,NA,NA,NA,30415.00,NA,NA,NA,NA,NA,30869.00,31212.00,34748.00,35481.00,45799.00,49885.00,NA,NA,NA,NA,51721.00,NA,NA,NA,NA,NA,NA,NA
Fibre Textile Mills - Non Small Scale Industry - Private,Assam,NA,NA,NA,NA,NA,NA,NA,NA,NA,NA,795.00,795.00,NA,NA,NA,NA,795.00,NA,NA,NA,NA,NA,795.00,795.00,795.00,795.00,795.00,795.00,NA,NA,NA,NA,795.00,NA,NA,NA,NA,NA,NA,NA
Fibre Textile Mills - Non Small Scale Industry - Private,Bihar,NA,NA,NA,NA,NA,NA,NA,NA,NA,NA,1529.00,1529.00,NA,NA,NA,NA,1529.00,NA,NA,NA,NA,NA,1029.00,1029.00,1029.00,1029.00,1029.00,1029.00,NA,NA,NA,NA,1029.00,NA,NA,NA,NA,NA,NA,NA
Fibre Textile Mills - Non Small Scale Industry - Private,Chhattisgarth,NA,NA,NA,NA,NA,NA,NA,NA,NA,NA,1225.00,1225.00,NA,NA,NA,NA,1225.00,NA,NA,NA,NA,NA,1225.00,1225.00,1225.00,1225.00,1225.00,1225.00,NA,NA,NA,NA,1225.00,NA,NA,NA,NA,NA,NA,NA
Fibre Textile Mills - Non Small Scale Industry - Private,Dadra Nagra Haveli,NA,NA,NA,NA,NA,NA,NA,NA,NA,NA,2307.00,2307.00,NA,NA,NA,NA,2350.00,NA,NA,NA,NA,NA,2356.00,2463.00,4239.00,4233.00,5113.00,4784.00,NA,NA,NA,NA,4866.00,NA,NA,NA,NA,NA,NA,NA
Fibre Textile Mills - Non Small Scale Industry - Private,Daman & Diu,NA,NA,NA,NA,NA,NA,NA,NA,NA,NA,180.00,180.00,NA,NA,NA,NA,180.00,NA,NA,NA,NA,NA,180.00,180.00,180.00,180.00,180.00,180.00,NA,NA,NA,NA,180.00,NA,NA,NA,NA,NA,NA,NA
Fibre Textile Mills - Non Small Scale Industry - Private,Delhi,NA,NA,NA,NA,NA,NA,NA,NA,NA,NA,0.00,0.00,NA,NA,NA,NA,0.00,NA,NA,NA,NA,NA,0.00,0.00,0.00,0.00,0.00,0.00,NA,NA,NA,NA,0.00,NA,NA,NA,NA,NA,NA,NA
Fibre Textile Mills - Non Small Scale Industry - Private,Goa,NA,NA,NA,NA,NA,NA,NA,NA,NA,NA,72.00,72.00,NA,NA,NA,NA,72.00,NA,NA,NA,NA,NA,72.00,72.00,72.00,72.00,72.00,72.00,NA,NA,NA,NA,72.00,NA,NA,NA,NA,NA,NA,NA
Fibre Textile Mills - Non Small Scale Industry - Private,Gujarat,NA,NA,NA,NA,NA,NA,NA,NA,NA,NA,77261.00,75782.00,NA,NA,NA,NA,71879.00,NA,NA,NA,NA,NA,72192.00,55714.00,55626.00,55635.00,81042.00,80418.00,NA,NA,NA,NA,78666.00,NA,NA,NA,NA,NA,NA,NA
Fibre Textile Mills - Non Small Scale Industry - Private,Haryana,NA,NA,NA,NA,NA,NA,NA,NA,NA,NA,18152.00,17915.00,NA,NA,NA,NA,17757.00,NA,NA,NA,NA,NA,13226.00,13721.00,13366.00,13366.00,12888.00,12446.00,NA,NA,NA,NA,12534.00,NA,NA,NA,NA,NA,NA,NA
Fibre Textile Mills - Non Small Scale Industry - Private,Himachal Pradesh,NA,NA,NA,NA,NA,NA,NA,NA,NA,NA,13628.00,13292.00,NA,NA,NA,NA,13527.00,NA,NA,NA,NA,NA,13923.00,13698.00,14125.00,14049.00,13829.00,12951.00,NA,NA,NA,NA,18704.00,NA,NA,NA,NA,NA,NA,NA
Fibre Textile Mills - Non Small Scale Industry - Private,Jammu & Kashmir,NA,NA,NA,NA,NA,NA,NA,NA,NA,NA,3776.00,3861.00,NA,NA,NA,NA,5798.00,NA,NA,NA,NA,NA,5142.00,6607.00,6607.00,6607.00,6140.00,6140.00,NA,NA,NA,NA,5916.00,NA,NA,NA,NA,NA,NA,NA
Fibre Textile Mills - Non Small Scale Industry - Private,Jharkhand,NA,NA,NA,NA,NA,NA,NA,NA,NA,NA,707.00,707.00,NA,NA,NA,NA,707.00,NA,NA,NA,NA,NA,707.00,707.00,707.00,707.00,707.00,707.00,NA,NA,NA,NA,707.00,NA,NA,NA,NA,NA,NA,NA
Fibre Textile Mills - Non Small Scale Industry - Private,Karnataka,NA,NA,NA,NA,NA,NA,NA,NA,NA,NA,21017.00,21020.00,NA,NA,NA,NA,21249.00,NA,NA,NA,NA,NA,20478.00,20543.00,20731.00,20731.00,19964.00,14534.00,NA,NA,NA,NA,14072.00,NA,NA,NA,NA,NA,NA,NA
Fibre Textile Mills - Non Small Scale Industry - Private,Kerala,NA,NA,NA,NA,NA,NA,NA,NA,NA,NA,7578.00,8015.00,NA,NA,NA,NA,7156.00,NA,NA,NA,NA,NA,7164.00,5918.00,5879.00,6072.00,6755.00,6640.00,NA,NA,NA,NA,6584.00,NA,NA,NA,NA,NA,NA,NA
Fibre Textile Mills - Non Small Scale Industry - Private,Madhya Pradesh,NA,NA,NA,NA,NA,NA,NA,NA,NA,NA,43998.00,43664.00,NA,NA,NA,NA,43570.00,NA,NA,NA,NA,NA,43640.00,44975.00,46847.00,47984.00,50414.00,53412.00,NA,NA,NA,NA,55146.00,NA,NA,NA,NA,NA,NA,NA
Fibre Textile Mills - Non Small Scale Industry - Private,Maharashtra,NA,NA,NA,NA,NA,NA,NA,NA,NA,NA,86029.00,84266.00,NA,NA,NA,NA,83450.00,NA,NA,NA,NA,NA,81674.00,46333.00,48861.00,47857.00,46878.00,46750.00,NA,NA,NA,NA,45845.00,NA,NA,NA,NA,NA,NA,NA
Fibre Textile Mills - Non Small Scale Industry - Private,Manipur,NA,NA,NA,NA,NA,NA,NA,NA,NA,NA,0.00,0.00,NA,NA,NA,NA,0.00,NA,NA,NA,NA,NA,0.00,0.00,0.00,0.00,0.00,0.00,NA,NA,NA,NA,0.00,NA,NA,NA,NA,NA,NA,NA
Fibre Textile Mills - Non Small Scale Industry - Private,Orissa,NA,NA,NA,NA,NA,NA,NA,NA,NA,NA,2355.00,2355.00,NA,NA,NA,NA,2355.00,NA,NA,NA,NA,NA,2355.00,2355.00,2355.00,2355.00,2355.00,2355.00,NA,NA,NA,NA,2690.00,NA,NA,NA,NA,NA,NA,NA
Fibre Textile Mills - Non Small Scale Industry - Private,Pondicherry,NA,NA,NA,NA,NA,NA,NA,NA,NA,NA,1378.00,1380.00,NA,NA,NA,NA,1297.00,NA,NA,NA,NA,NA,1197.00,1122.00,1204.00,1204.00,975.00,951.00,NA,NA,NA,NA,913.00,NA,NA,NA,NA,NA,NA,NA
Fibre Textile Mills - Non Small Scale Industry - Private,Punjab,NA,NA,NA,NA,NA,NA,NA,NA,NA,NA,44483.00,44892.00,NA,NA,NA,NA,47294.00,NA,NA,NA,NA,NA,49625.00,49283.00,51198.00,52443.00,55787.00,59667.00,NA,NA,NA,NA,62244.00,NA,NA,NA,NA,NA,NA,NA
Fibre Textile Mills - Non Small Scale Industry - Private,Rajasthan,NA,NA,NA,NA,NA,NA,NA,NA,NA,NA,48891.00,48679.00,NA,NA,NA,NA,50229.00,NA,NA,NA,NA,NA,53401.00,56735.00,57364.00,61439.00,55667.00,67179.00,NA,NA,NA,NA,66435.00,NA,NA,NA,NA,NA,NA,NA
Fibre Textile Mills - Non Small Scale Industry - Private,Tamil Nadu,NA,NA,NA,NA,NA,NA,NA,NA,NA,NA,181189.00,179473.00,NA,NA,NA,NA,185612.00,NA,NA,NA,NA,NA,197449.00,199786.00,205138.00,204801.00,209846.00,213723.00,NA,NA,NA,NA,213710.00,NA,NA,NA,NA,NA,NA,NA
Fibre Textile Mills - Non Small Scale Industry - Private,Uttar Pradesh,NA,NA,NA,NA,NA,NA,NA,NA,NA,NA,27271.00,24866.00,NA,NA,NA,NA,24809.00,NA,NA,NA,NA,NA,23312.00,23128.00,22857.00,22691.00,22751.00,22177.00,NA,NA,NA,NA,22285.00,NA,NA,NA,NA,NA,NA,NA
Fibre Textile Mills - Non Small Scale Industry - Private,Uttaranchal,NA,NA,NA,NA,NA,NA,NA,NA,NA,NA,965.00,965.00,NA,NA,NA,NA,1079.00,NA,NA,NA,NA,NA,1276.00,1378.00,1919.00,1919.00,3072.00,3082.00,NA,NA,NA,NA,3422.00,NA,NA,NA,NA,NA,NA,NA
Fibre Textile Mills - Non Small Scale Industry - Private,West Bengal,NA,NA,NA,NA,NA,NA,NA,NA,NA,NA,28804.00,28647.00,NA,NA,NA,NA,27754.00,NA,NA,NA,NA,NA,28037.00,28051.00,27591.00,27516.00,28864.00,28652.00,NA,NA,NA,NA,28550.00,NA,NA,NA,NA,NA,NA,NA
Powerloom Sector,All India,NA,NA,NA,NA,NA,NA,NA,NA,NA,NA,4592144.00,4757388.00,NA,NA,NA,NA,4859730.00,NA,NA,NA,NA,NA,4975770.00,5265925.00,5511835.00,5616185.00,5729158.00,5745942.00,NA,NA,NA,NA,5869547.00,NA,NA,NA,NA,NA,NA,NA
Powerloom Sector,Andhra Pradesh,NA,NA,NA,NA,NA,NA,NA,NA,NA,NA,110035.00,110435.00,NA,NA,NA,NA,110953.00,NA,NA,NA,NA,NA,111648.00,112405.00,112780.00,113064.00,113504.00,113505.00,NA,NA,NA,NA,113580.00,NA,NA,NA,NA,NA,NA,NA
Powerloom Sector,Assam,NA,NA,NA,NA,NA,NA,NA,NA,NA,NA,6815.00,6815.00,NA,NA,NA,NA,6815.00,NA,NA,NA,NA,NA,6815.00,6815.00,6815.00,6815.00,6815.00,6815.00,NA,NA,NA,NA,6845.00,NA,NA,NA,NA,NA,NA,NA
Powerloom Sector,Bihar,NA,NA,NA,NA,NA,NA,NA,NA,NA,NA,7235.00,7235.00,NA,NA,NA,NA,7235.00,NA,NA,NA,NA,NA,7235.00,7235.00,7235.00,7235.00,7234.00,7235.00,NA,NA,NA,NA,7235.00,NA,NA,NA,NA,NA,NA,NA
Powerloom Sector,Chhattisgarth,NA,NA,NA,NA,NA,NA,NA,NA,NA,NA,105.00,105.00,NA,NA,NA,NA,105.00,NA,NA,NA,NA,NA,105.00,105.00,105.00,105.00,105.00,105.00,NA,NA,NA,NA,105.00,NA,NA,NA,NA,NA,NA,NA
Powerloom Sector,Dadra Nagra Haveli,NA,NA,NA,NA,NA,NA,NA,NA,NA,NA,2325.00,2405.00,NA,NA,NA,NA,2405.00,NA,NA,NA,NA,NA,2405.00,2405.00,2405.00,2405.00,2405.00,2405.00,NA,NA,NA,NA,2405.00,NA,NA,NA,NA,NA,NA,NA
Powerloom Sector,Delhi,NA,NA,NA,NA,NA,NA,NA,NA,NA,NA,2755.00,2755.00,NA,NA,NA,NA,2755.00,NA,NA,NA,NA,NA,2755.00,2755.00,2755.00,2755.00,2754.00,2755.00,NA,NA,NA,NA,2755.00,NA,NA,NA,NA,NA,NA,NA
Powerloom Sector,Goa,NA,NA,NA,NA,NA,NA,NA,NA,NA,NA,305.00,305.00,NA,NA,NA,NA,305.00,NA,NA,NA,NA,NA,305.00,305.00,305.00,305.00,305.00,305.00,NA,NA,NA,NA,305.00,NA,NA,NA,NA,NA,NA,NA
Powerloom Sector,Gujarat,NA,NA,NA,NA,NA,NA,NA,NA,NA,NA,801010.00,805923.00,NA,NA,NA,NA,806808.00,NA,NA,NA,NA,NA,807528.00,807882.00,808348.00,808459.00,808460.00,808460.00,NA,NA,NA,NA,808460.00,NA,NA,NA,NA,NA,NA,NA
Powerloom Sector,Haryana,NA,NA,NA,NA,NA,NA,NA,NA,NA,NA,24705.00,24753.00,NA,NA,NA,NA,24788.00,NA,NA,NA,NA,NA,24803.00,24833.00,24832.00,24833.00,24832.00,24832.00,NA,NA,NA,NA,30733.00,NA,NA,NA,NA,NA,NA,NA
Powerloom Sector,Himachal Pradesh,NA,NA,NA,NA,NA,NA,NA,NA,NA,NA,3653.00,3653.00,NA,NA,NA,NA,3653.00,NA,NA,NA,NA,NA,3653.00,3653.00,3653.00,3653.00,3653.00,3653.00,NA,NA,NA,NA,3653.00,NA,NA,NA,NA,NA,NA,NA
Powerloom Sector,Jammu & Kashmir,NA,NA,NA,NA,NA,NA,NA,NA,NA,NA,163.00,163.00,NA,NA,NA,NA,163.00,NA,NA,NA,NA,NA,163.00,163.00,163.00,163.00,163.00,163.00,NA,NA,NA,NA,163.00,NA,NA,NA,NA,NA,NA,NA
Powerloom Sector,Karnataka,NA,NA,NA,NA,NA,NA,NA,NA,NA,NA,204673.00,204673.00,NA,NA,NA,NA,204673.00,NA,NA,NA,NA,NA,204705.00,204724.00,204725.00,204724.00,204725.00,204724.00,NA,NA,NA,NA,204725.00,NA,NA,NA,NA,NA,NA,NA
Powerloom Sector,Kerala,NA,NA,NA,NA,NA,NA,NA,NA,NA,NA,6828.00,6828.00,NA,NA,NA,NA,6970.00,NA,NA,NA,NA,NA,6980.00,6980.00,7000.00,7010.00,7010.00,7010.00,NA,NA,NA,NA,7010.00,NA,NA,NA,NA,NA,NA,NA
Powerloom Sector,Madhya Pradesh,NA,NA,NA,NA,NA,NA,NA,NA,NA,NA,166915.00,189335.00,NA,NA,NA,NA,216853.00,NA,NA,NA,NA,NA,235360.00,261842.00,262058.00,273335.00,290213.00,295543.00,NA,NA,NA,NA,312133.00,NA,NA,NA,NA,NA,NA,NA
Powerloom Sector,Maharashtra,NA,NA,NA,NA,NA,NA,NA,NA,NA,NA,2092913.00,2150738.00,NA,NA,NA,NA,2202155.00,NA,NA,NA,NA,NA,2286376.00,2535679.00,2766185.00,2847235.00,2933135.00,2942735.00,NA,NA,NA,NA,3019903.00,NA,NA,NA,NA,NA,NA,NA
Powerloom Sector,Orissa,NA,NA,NA,NA,NA,NA,NA,NA,NA,NA,8298.00,8303.00,NA,NA,NA,NA,8303.00,NA,NA,NA,NA,NA,8303.00,8303.00,8302.00,8303.00,8303.00,8302.00,NA,NA,NA,NA,8303.00,NA,NA,NA,NA,NA,NA,NA
Powerloom Sector,Pondicherry,NA,NA,NA,NA,NA,NA,NA,NA,NA,NA,2075.00,2075.00,NA,NA,NA,NA,2075.00,NA,NA,NA,NA,NA,2075.00,2075.00,2075.00,2075.00,2075.00,2075.00,NA,NA,NA,NA,2675.00,NA,NA,NA,NA,NA,NA,NA
Powerloom Sector,Punjab,NA,NA,NA,NA,NA,NA,NA,NA,NA,NA,59015.00,59050.00,NA,NA,NA,NA,59050.00,NA,NA,NA,NA,NA,59050.00,59050.00,59050.00,59050.00,59050.00,59050.00,NA,NA,NA,NA,59050.00,NA,NA,NA,NA,NA,NA,NA
Powerloom Sector,Rajasthan,NA,NA,NA,NA,NA,NA,NA,NA,NA,NA,80623.00,80773.00,NA,NA,NA,NA,83105.00,NA,NA,NA,NA,NA,83215.00,83660.00,85398.00,85522.00,85678.00,85678.00,NA,NA,NA,NA,85678.00,NA,NA,NA,NA,NA,NA,NA
Powerloom Sector,Tamil Nadu,NA,NA,NA,NA,NA,NA,NA,NA,NA,NA,835930.00,914493.00,NA,NA,NA,NA,933803.00,NA,NA,NA,NA,NA,944938.00,956120.00,968445.00,979398.00,988843.00,990698.00,NA,NA,NA,NA,1013360.00,NA,NA,NA,NA,NA,NA,NA
Powerloom Sector,Uttar Pradesh,NA,NA,NA,NA,NA,NA,NA,NA,NA,NA,164835.00,164910.00,NA,NA,NA,NA,164930.00,NA,NA,NA,NA,NA,164975.00,164983.00,164983.00,164983.00,164983.00,164981.00,NA,NA,NA,NA,164983.00,NA,NA,NA,NA,NA,NA,NA
Powerloom Sector,West Bengal,NA,NA,NA,NA,NA,NA,NA,NA,NA,NA,10933.00,11663.00,NA,NA,NA,NA,11828.00,NA,NA,NA,NA,NA,12378.00,13953.00,14218.00,14758.00,14913.00,14913.00,NA,NA,NA,NA,15488.00,NA,NA,NA,NA,NA,NA,NA
Khadi Sector,All India,NA,NA,NA,NA,NA,NA,NA,NA,NA,NA,861.00,864.00,NA,NA,NA,NA,868.00,NA,NA,NA,NA,NA,884.00,916.00,950.00,981.00,1015.00,1045.00,NA,NA,NA,NA,1071.00,NA,NA,NA,NA,NA,NA,NA
Khadi Sector - Cotton,All India,NA,NA,NA,NA,NA,NA,NA,NA,NA,NA,645.00,647.00,NA,NA,NA,NA,653.00,NA,NA,NA,NA,NA,658.00,609.00,629.00,656.00,674.00,693.00,NA,NA,NA,NA,713.00,NA,NA,NA,NA,NA,NA,NA
Khadi Sector - Woolen,All India,NA,NA,NA,NA,NA,NA,NA,NA,NA,NA,134.00,135.00,NA,NA,NA,NA,134.00,NA,NA,NA,NA,NA,138.00,212.00,223.00,220.00,229.00,236.00,NA,NA,NA,NA,241.00,NA,NA,NA,NA,NA,NA,NA
Khadi Sector - Silk,All India,NA,NA,NA,NA,NA,NA,NA,NA,NA,NA,82.00,82.00,NA,NA,NA,NA,81.00,NA,NA,NA,NA,NA,88.00,95.00,98.00,105.00,112.00,116.00,NA,NA,NA,NA,117.00,NA,NA,NA,NA,NA,NA,NA
Khadi Sector - Muslin,All India,33.00,29.00,29.00,29.00,27.00,27.00,21.00,20.00,24.00,19.00,NA,NA,NA,NA,NA,NA,NA,NA,NA,NA,NA,NA,NA,NA,NA,NA,NA,NA,NA,NA,NA,NA,NA,NA,NA,NA,NA,NA,NA,NA
